Type,Data
Heading,All products
Heading,A Light in the ...
Heading,Tipping the Velvet
Heading,Soumission
Heading,Sharp Objects
Heading,Sapiens: A Brief History ...
Heading,The Requiem Red
Heading,The Dirty Little Secrets ...
Heading,The Coming Woman: A ...
Heading,The Boys in the ...
Heading,The Black Maria
Heading,Starving Hearts (Triangular Trade ...
Heading,Shakespeare's Sonnets
Heading,Set Me Free
Heading,Scott Pilgrim's Precious Little ...
Heading,Rip it Up and ...
Heading,Our Band Could Be ...
Heading,Olio
Heading,Mesaerion: The Best Science ...
Heading,Libertarianism for Beginners
Heading,It's Only the Himalayas
Link,https://books.toscrape.com/index.html
Link,https://books.toscrape.com/catalogue/category/books_1/index.html
Link,https://books.toscrape.com/catalogue/category/books/travel_2/index.html
Link,https://books.toscrape.com/catalogue/category/books/mystery_3/index.html
Link,https://books.toscrape.com/catalogue/category/books/historical-fiction_4/index.html
Link,https://books.toscrape.com/catalogue/category/books/sequential-art_5/index.html
Link,https://books.toscrape.com/catalogue/category/books/classics_6/index.html
Link,https://books.toscrape.com/catalogue/category/books/philosophy_7/index.html
Link,https://books.toscrape.com/catalogue/category/books/romance_8/index.html
Link,https://books.toscrape.com/catalogue/category/books/womens-fiction_9/index.html
Link,https://books.toscrape.com/catalogue/category/books/fiction_10/index.html
Link,https://books.toscrape.com/catalogue/category/books/childrens_11/index.html
Link,https://books.toscrape.com/catalogue/category/books/religion_12/index.html
Link,https://books.toscrape.com/catalogue/category/books/nonfiction_13/index.html
Link,https://books.toscrape.com/catalogue/category/books/music_14/index.html
Link,https://books.toscrape.com/catalogue/category/books/default_15/index.html
Link,https://books.toscrape.com/catalogue/category/books/science-fiction_16/index.html
Link,https://books.toscrape.com/catalogue/category/books/sports-and-games_17/index.html
Link,https://books.toscrape.com/catalogue/category/books/add-a-comment_18/index.html
Link,https://books.toscrape.com/catalogue/category/books/fantasy_19/index.html
Link,https://books.toscrape.com/catalogue/category/books/new-adult_20/index.html
Link,https://books.toscrape.com/catalogue/category/books/young-adult_21/index.html
Link,https://books.toscrape.com/catalogue/category/books/science_22/index.html
Link,https://books.toscrape.com/catalogue/category/books/poetry_23/index.html
Link,https://books.toscrape.com/catalogue/category/books/paranormal_24/index.html
Link,https://books.toscrape.com/catalogue/category/books/art_25/index.html
Link,https://books.toscrape.com/catalogue/category/books/psychology_26/index.html
Link,https://books.toscrape.com/catalogue/category/books/autobiography_27/index.html
Link,https://books.toscrape.com/catalogue/category/books/parenting_28/index.html
Link,https://books.toscrape.com/catalogue/category/books/adult-fiction_29/index.html
Link,https://books.toscrape.com/catalogue/category/books/humor_30/index.html
Link,https://books.toscrape.com/catalogue/category/books/horror_31/index.html
Link,https://books.toscrape.com/catalogue/category/books/history_32/index.html
Link,https://books.toscrape.com/catalogue/category/books/food-and-drink_33/index.html
Link,https://books.toscrape.com/catalogue/category/books/christian-fiction_34/index.html
Link,https://books.toscrape.com/catalogue/category/books/business_35/index.html
Link,https://books.toscrape.com/catalogue/category/books/biography_36/index.html
Link,https://books.toscrape.com/catalogue/category/books/thriller_37/index.html
Link,https://books.toscrape.com/catalogue/category/books/contemporary_38/index.html
Link,https://books.toscrape.com/catalogue/category/books/spirituality_39/index.html
Link,https://books.toscrape.com/catalogue/category/books/academic_40/index.html
Link,https://books.toscrape.com/catalogue/category/books/self-help_41/index.html
Link,https://books.toscrape.com/catalogue/category/books/historical_42/index.html
Link,https://books.toscrape.com/catalogue/category/books/christian_43/index.html
Link,https://books.toscrape.com/catalogue/category/books/suspense_44/index.html
Link,https://books.toscrape.com/catalogue/category/books/short-stories_45/index.html
Link,https://books.toscrape.com/catalogue/category/books/novels_46/index.html
Link,https://books.toscrape.com/catalogue/category/books/health_47/index.html
Link,https://books.toscrape.com/catalogue/category/books/politics_48/index.html
Link,https://books.toscrape.com/catalogue/category/books/cultural_49/index.html
Link,https://books.toscrape.com/catalogue/category/books/erotica_50/index.html
Link,https://books.toscrape.com/catalogue/category/books/crime_51/index.html
Link,https://books.toscrape.com/catalogue/a-light-in-the-attic_1000/index.html
Link,https://books.toscrape.com/catalogue/tipping-the-velvet_999/index.html
Link,https://books.toscrape.com/catalogue/soumission_998/index.html
Link,https://books.toscrape.com/catalogue/sharp-objects_997/index.html
Link,https://books.toscrape.com/catalogue/sapiens-a-brief-history-of-humankind_996/index.html
Link,https://books.toscrape.com/catalogue/the-requiem-red_995/index.html
Link,https://books.toscrape.com/catalogue/the-dirty-little-secrets-of-getting-your-dream-job_994/index.html
Link,https://books.toscrape.com/catalogue/the-coming-woman-a-novel-based-on-the-life-of-the-infamous-feminist-victoria-woodhull_993/index.html
Link,https://books.toscrape.com/catalogue/the-boys-in-the-boat-nine-americans-and-their-epic-quest-for-gold-at-the-1936-berlin-olympics_992/index.html
Link,https://books.toscrape.com/catalogue/the-black-maria_991/index.html
Link,https://books.toscrape.com/catalogue/starving-hearts-triangular-trade-trilogy-1_990/index.html
Link,https://books.toscrape.com/catalogue/shakespeares-sonnets_989/index.html
Link,https://books.toscrape.com/catalogue/set-me-free_988/index.html
Link,https://books.toscrape.com/catalogue/scott-pilgrims-precious-little-life-scott-pilgrim-1_987/index.html
Link,https://books.toscrape.com/catalogue/rip-it-up-and-start-again_986/index.html
Link,https://books.toscrape.com/catalogue/our-band-could-be-your-life-scenes-from-the-american-indie-underground-1981-1991_985/index.html
Link,https://books.toscrape.com/catalogue/olio_984/index.html
Link,https://books.toscrape.com/catalogue/mesaerion-the-best-science-fiction-stories-1800-1849_983/index.html
Link,https://books.toscrape.com/catalogue/libertarianism-for-beginners_982/index.html
Link,https://books.toscrape.com/catalogue/its-only-the-himalayas_981/index.html
Link,https://books.toscrape.com/catalogue/page-2.html
Image,https://books.toscrape.com/media/cache/2c/da/2cdad67c44b002e7ead0cc35693c0e8b.jpg
Image,https://books.toscrape.com/media/cache/26/0c/260c6ae16bce31c8f8c95daddd9f4a1c.jpg
Image,https://books.toscrape.com/media/cache/3e/ef/3eef99c9d9adef34639f510662022830.jpg
Image,https://books.toscrape.com/media/cache/32/51/3251cf3a3412f53f339e42cac2134093.jpg
Image,https://books.toscrape.com/media/cache/be/a5/bea5697f2534a2f86a3ef27b5a8c12a6.jpg
Image,https://books.toscrape.com/media/cache/68/33/68339b4c9bc034267e1da611ab3b34f8.jpg
Image,https://books.toscrape.com/media/cache/92/27/92274a95b7c251fea59a2b8a78275ab4.jpg
Image,https://books.toscrape.com/media/cache/3d/54/3d54940e57e662c4dd1f3ff00c78cc64.jpg
Image,https://books.toscrape.com/media/cache/66/88/66883b91f6804b2323c8369331cb7dd1.jpg
Image,https://books.toscrape.com/media/cache/58/46/5846057e28022268153beff6d352b06c.jpg
Image,https://books.toscrape.com/media/cache/be/f4/bef44da28c98f905a3ebec0b87be8530.jpg
Image,https://books.toscrape.com/media/cache/10/48/1048f63d3b5061cd2f424d20b3f9b666.jpg
Image,https://books.toscrape.com/media/cache/5b/88/5b88c52633f53cacf162c15f4f823153.jpg
Image,https://books.toscrape.com/media/cache/94/b1/94b1b8b244bce9677c2f29ccc890d4d2.jpg
Image,https://books.toscrape.com/media/cache/81/c4/81c4a973364e17d01f217e1188253d5e.jpg
Image,https://books.toscrape.com/media/cache/54/60/54607fe8945897cdcced0044103b10b6.jpg
Image,https://books.toscrape.com/media/cache/55/33/553310a7162dfbc2c6d19a84da0df9e1.jpg
Image,https://books.toscrape.com/media/cache/09/a3/09a3aef48557576e1a85ba7efea8ecb7.jpg
Image,https://books.toscrape.com/media/cache/0b/bc/0bbcd0a6f4bcd81ccb1049a52736406e.jpg
Image,https://books.toscrape.com/media/cache/27/a5/27a53d0bb95bdd88288eaf66c9230d7e.jpg
